# Synthetic classroom data: sampled Landau curve; not measured detector data or Poisson histogram counts.
# Generating model: y = b + A/w * landau((x-mpv)/w), with unit-area mode-zero landau.
# Truth: b=0 V, A=150 V*keV, mpv=50 keV, w=5 keV (ROOT width convention).
# Independent Gaussian noise: sigma_i=0.025*(1+i/101) V; i=0..100.
# NumPy PCG64 seed 20261006; NumPy 2.3.5, SciPy 1.17.0.
# Generator: scripts/generate-landau-reference.py.
# Reference: https://docs.scipy.org/doc/scipy/reference/generated/scipy.stats.landau.html
# Open landau.trksess for assigned uncertainties and starting values; or import the CSV,
# assign column 3 as Y uncertainty, enable advanced models, and select Landau peak.
# b starts fixed at zero. A is full-curve area, including the tail beyond these observations.
Energy (keV),Signal (V),Y uncertainty (V)
25,-0.013338397550988368,0.025000000000000001
26.350000000000001,-0.031071162840591329,0.025247524752475249
27.699999999999999,0.019042073745371722,0.025495049504950497
29.050000000000001,0.014175065677227818,0.025742574257425745
30.399999999999999,-0.020911129688151099,0.025990099009900992
31.75,0.024597516103932602,0.02623762376237624
33.100000000000001,0.04315001509622067,0.026485148514851488
34.450000000000003,0.011783969093675066,0.026732673267326736
35.799999999999997,0.017722293986856874,0.026980198019801983
37.149999999999999,0.080159155863065851,0.027227722772277231
38.5,0.25644977292377014,0.027475247524752479
39.850000000000001,0.70780313613437773,0.027722772277227727
41.200000000000003,1.3624256574428519,0.027970297029702974
42.549999999999997,2.2320451957911938,0.028217821782178222
43.900000000000006,3.2345360799531222,0.02846534653465347
45.25,4.1072740629913236,0.028712871287128711
46.600000000000001,4.7646625510780094,0.028960396039603958
47.950000000000003,5.1858305616282152,0.029207920792079206
49.299999999999997,5.4239500127888451,0.029455445544554454
50.650000000000006,5.4502990593159195,0.029702970297029702
52,5.2849986770809299,0.029950495049504949
53.350000000000001,4.9836169518823148,0.030198019801980197
54.700000000000003,4.7535215629373155,0.030445544554455445
56.049999999999997,4.4198753814786791,0.030693069306930693
57.400000000000006,4.1092322794399694,0.03094059405940594
58.75,3.6800013644541099,0.031188118811881188
60.100000000000001,3.390568248215724,0.031435643564356436
61.450000000000003,3.1354297066328534,0.031683168316831684
62.800000000000004,2.7654583310750427,0.031930693069306931
64.150000000000006,2.4913562852830005,0.032178217821782179
65.5,2.3109425728931297,0.032425742574257427
66.849999999999994,2.1837654775607453,0.032673267326732675
68.200000000000003,1.928077371404578,0.032920792079207922
69.550000000000011,1.7834799660936942,0.03316831683168317
70.900000000000006,1.6098395854271113,0.033415841584158418
72.25,1.5051780857854642,0.033663366336633659
73.599999999999994,1.386520696559296,0.033910891089108906
74.950000000000003,1.2487886760615101,0.034158415841584154
76.300000000000011,1.1274643282166328,0.034405940594059402
77.650000000000006,1.07379416858572,0.03465346534653465
79,0.95455390066926893,0.034900990099009897
80.349999999999994,0.95920930341422239,0.035148514851485145
81.700000000000003,0.91695337602878513,0.035396039603960393
83.050000000000011,0.77955546125503261,0.035643564356435641
84.400000000000006,0.74001335337360674,0.035891089108910888
85.75,0.72636251754777925,0.036138613861386136
87.099999999999994,0.58196247412634428,0.036386138613861384
88.450000000000003,0.61940191419937229,0.036633663366336632
89.800000000000011,0.61731122725661414,0.036881188118811879
91.150000000000006,0.56424785033962321,0.037128712871287127
92.5,0.48859281935893645,0.037376237623762375
93.850000000000009,0.49476425912375327,0.037623762376237629
95.200000000000003,0.45916350969640207,0.037871287128712877
96.550000000000011,0.35673383859955721,0.038118811881188125
97.900000000000006,0.44324490101577352,0.038366336633663373
99.25,0.3458758594480954,0.03861386138613862
100.60000000000001,0.34192055105284885,0.038861386138613868
101.95,0.37535213096657449,0.039108910891089116
103.30000000000001,0.30964565551750572,0.039356435643564364
104.65000000000001,0.25726749569685187,0.039603960396039611
106,0.32521512419826243,0.039851485148514859
107.35000000000001,0.24334880034784087,0.040099009900990107
108.7,0.1862011504310222,0.040346534653465355
110.05000000000001,0.20521248213985271,0.040594059405940602
111.40000000000001,0.25637055649395046,0.04084158415841585
112.75,0.23866803218068225,0.041089108910891098
114.10000000000001,0.20190807915947634,0.041336633663366346
115.45,0.1807395743802078,0.041584158415841593
116.80000000000001,0.17223141831067623,0.041831683168316841
118.15000000000001,0.23096529296787358,0.042079207920792089
119.5,0.30136676778215021,0.04232673267326733
120.85000000000001,0.18372226912672618,0.042574257425742577
122.2,0.2183146497906128,0.042821782178217825
123.55000000000001,0.15512271845483913,0.043069306930693073
124.90000000000001,0.21075101760288026,0.043316831683168321
126.25,0.19506183707327382,0.043564356435643568
127.60000000000001,0.17597611955290479,0.043811881188118816
128.94999999999999,0.10885541570287584,0.044059405940594064
130.30000000000001,0.20063329413441391,0.044306930693069312
131.65000000000001,0.14553905094725184,0.044554455445544559
133,0.087293943965517345,0.044801980198019807
134.35000000000002,0.23122025663961709,0.045049504950495055
135.69999999999999,0.16458164257584107,0.045297029702970303
137.05000000000001,0.077456062126428818,0.045544554455445543
138.40000000000001,0.089920346544448013,0.045792079207920791
139.75,0.1665809344797381,0.046039603960396039
141.10000000000002,0.11791435959979761,0.046287128712871287
142.44999999999999,0.072762557951292994,0.046534653465346534
143.80000000000001,0.081485677199379714,0.046782178217821782
145.15000000000001,0.1248681655613102,0.04702970297029703
146.5,0.11692800430216649,0.047277227722772278
147.85000000000002,0.16979370884705097,0.047524752475247525
149.19999999999999,0.15596775975568383,0.047772277227722773
150.55000000000001,0.13266777931404203,0.048019801980198021
151.90000000000001,0.043734140888158413,0.048267326732673269
153.25,0.20463292475547146,0.048514851485148516
154.60000000000002,0.075878576641947776,0.048762376237623764
155.95000000000002,0.096589710134237547,0.049009900990099012
157.30000000000001,0.071288649045525787,0.04925742574257426
158.65000000000001,0.09040175844327196,0.049504950495049507
160,0.086639449317712031,0.049752475247524755
