# Synthetic data: integer Poisson counts in unit-width channels; not measured detector data.
# Generating means: 10000 times the Moyal probability integrated from channel-0.5 to channel+0.5.
# Truth: background=0 count/channel, total expected events=10000, mpv=50 channel, w=5 channel.
# Assigned Poisson error estimate: sqrt(N) count; empty channels use 1 count (sqrt(max(N,1))).
# NumPy PCG64 seed 20261007; NumPy 2.3.5, SciPy 1.17.0.
# Generator: scripts/generate-moyal-reference.py.
# Reference: https://docs.scipy.org/doc/scipy/reference/generated/scipy.stats.moyal.html
# Open moyal.trksess for assigned uncertainties and starting values; or import the CSV,
# assign column 3 as Y uncertainty, enable advanced models, and select Moyal peak.
# b starts fixed at zero. The fitted curve is evaluated at channel centers, not bin-integrated.
# Weighted least squares with observed-count errors is an approximation, especially for sparse channels.
# Gaussian/model assumptions remain unconfirmed; conditional inference is enabled for approximate errors.
# A is full-curve area in count*channel; unit-width channels give it the scale of total counts.
Channel (channel),Counts (count),Poisson uncertainty (count)
0,0,1
1,0,1
2,0,1
3,0,1
4,0,1
5,0,1
6,0,1
7,0,1
8,0,1
9,0,1
10,0,1
11,0,1
12,0,1
13,0,1
14,0,1
15,0,1
16,0,1
17,0,1
18,0,1
19,0,1
20,0,1
21,0,1
22,0,1
23,0,1
24,0,1
25,0,1
26,0,1
27,0,1
28,0,1
29,0,1
30,0,1
31,0,1
32,0,1
33,0,1
34,0,1
35,0,1
36,0,1
37,1,1
38,8,2.8284271247461903
39,24,4.8989794855663558
40,51,7.1414284285428504
41,90,9.4868329805051381
42,154,12.409673645990857
43,190,13.784048752090222
44,288,16.970562748477139
45,333,18.248287590894659
46,383,19.570385790780925
47,442,21.023796041628639
48,479,21.88606862823929
49,460,21.447610589527216
50,486,22.045407685048602
51,454,21.307275752662516
52,501,22.383029285599392
53,415,20.371548787463361
54,397,19.924858845171276
55,442,21.023796041628639
56,353,18.788294228055936
57,350,18.708286933869708
58,357,18.894443627691185
59,301,17.349351572897472
60,298,17.262676501632068
61,236,15.362291495737216
62,218,14.7648230602334
63,203,14.247806848775006
64,181,13.45362404707371
65,158,12.569805089976535
66,157,12.529964086141668
67,138,11.74734012447073
68,126,11.224972160321824
69,113,10.63014581273465
70,97,9.8488578017961039
71,105,10.246950765959598
72,74,8.6023252670426267
73,88,9.3808315196468595
74,78,8.8317608663278477
75,68,8.2462112512353212
76,51,7.1414284285428504
77,56,7.4833147735478827
78,57,7.5498344352707498
79,30,5.4772255750516612
80,38,6.164414002968976
81,40,6.324555320336759
82,33,5.7445626465380286
83,28,5.2915026221291814
84,28,5.2915026221291814
85,25,5
86,21,4.5825756949558398
87,22,4.6904157598234297
88,12,3.4641016151377544
89,15,3.872983346207417
90,17,4.1231056256176606
91,11,3.3166247903553998
92,10,3.1622776601683795
93,11,3.3166247903553998
94,5,2.2360679774997898
95,6,2.4494897427831779
96,10,3.1622776601683795
97,8,2.8284271247461903
98,8,2.8284271247461903
99,8,2.8284271247461903
100,7,2.6457513110645907
